[{
        "_id": "5b6cbca357fa3260bf9c6f53",
        "username": "mincho",
        "_kmd": {
            "lmt": "2018-08-09T22:13:55.412Z",
            "ect": "2018-08-09T22:13:55.412Z"
        },
        "_acl": {
            "creator": "5b6cbca357fa3260bf9c6f53"
        }
    },

    {
        "_id": "5b6cbcb2a7754527110bc7f1",
        "username": "doncho",
        "_kmd": {
            "lmt": "2018-08-09T22:14:10.563Z",
            "ect": "2018-08-09T22:14:10.563Z"
        },
        "_acl": { "creator": "5b6cbcb2a7754527110bc7f1" }
    },


    {
        "_id": "5b6cbcbe1ab0f72634aa08c3",
        "username": "kunio",
        "_kmd": {
            "lmt": "2018-08-09T22:14:22.076Z",
            "ect": "2018-08-09T22:14:22.076Z"
        },
        "_acl": { "creator": "5b6cbcbe1ab0f72634aa08c3" }
    }
]